{
    "MSE": 0.6520560070273705,
    "R2_Score": 0.3485149594118495
}